<?xml version="1.0" encoding="UTF-8"?>
<itop_design xmlns:xsi="http://www.w3.org/2001/XMLSchema-instance" version="1.0">
    <classes>
        <class id="UserRequest" _delta="must_exist">
            <fields>
                <!-- Add the service family field -->
                <field id="servicefamily_id" xsi:type="AttributeExternalKey" _delta="define">
                    <sql>servicefamily_id</sql>
                    <target_class>ServiceFamily</target_class>
                    <is_null_allowed>false</is_null_allowed>
                    <on_target_delete>DEL_MANUAL</on_target_delete>
                </field>
                <field id="service_id">
                    <dependencies>
                        <!-- Service now depends of the family field -->
                        <attribute id="servicefamily_id" _delta="define" />
                    </dependencies>
                    <!-- Update the OQL -->
                    <filter _delta="redefine"><![CDATA[SELECT Service AS s JOIN lnkCustomerContractToService AS l1 ON l1.service_id=s.id JOIN CustomerContract AS cc ON l1.customercontract_id=cc.id WHERE s.servicefamily_id = :this->servicefamily_id AND cc.org_id = :this->org_id AND s.status != 'obsolete']]></filter>
                </field>
            </fields>
            <presentation>
                <details>
                    <items>
                        <item id="col:col1">
                            <items>
                                <item id="fieldset:Ticket:moreinfo">
                                    <items>
                                        <item id="servicefamily_id" _delta="define"><rank>5</rank></item>
                                    </items>
                                </item>
                            </items>
                        </item>
                    </items>
                </details>
            </presentation>
        </class>
    </classes>
    <module_designs>
        <module_design id="itop-portal" _delta="must_exist">
            <bricks>
                <brick id="services" _delta="must_exist">
                    <levels>
                        <level id="1">
                            <levels>
                                <level id="1">
                                    <levels>
                                        <level id="1">
                                            <actions>
                                                <action id="create_from_this">
                                                    <rules>
                                                        <!-- Call the rule to auto-fill the service family -->
                                                        <rule id="servicefamily-to-userrequest" _delta="define"/>
                                                    </rules>
                                                </action>
                                            </actions>
                                        </level>
                                    </levels>
                                </level>
                            </levels>
                        </level>
                    </levels>
                </brick>
            </bricks>
            <forms>
                <form id="ticket-create" _delta="must_exist">
                    <twig _delta="redefine">
                        <div class="row">
                            <!-- Add the service family field -->
                            <div class="col-sm-4"><div class="form_field" data-field-id="servicefamily_id" data-field-flags="mandatory"></div></div>
                            <div class="col-sm-4"><div class="form_field" data-field-id="service_id" data-field-flags="mandatory"></div></div>
                            <div class="col-sm-4"><div class="form_field" data-field-id="servicesubcategory_id" data-field-flags="mandatory"></div></div>
                        </div>
                        <div id="service_details_placeholder"></div>
                        <div class="row">
                            <div class="col-sm-6"><div class="form_field" data-field-id="impact"></div></div>
                            <div class="col-sm-6"><div class="form_field" data-field-id="urgency"></div></div>
                        </div>
                        <div>
                            <div class="form_field" data-field-id="title"></div>
                            <div class="form_field" data-field-id="description"></div>
                            <div class="form_field" data-field-id="contacts_list"></div>
                        </div>
                    </twig>
                </form>
            </forms>
            <action_rules>
                <action_rule id="service-to-userrequest" _delta="must_exist">
                    <presets>
                        <!-- Don't know if necessary (I tried with and with out) -->
                        <preset id="2" _delta="define">copy(servicefamily_id, servicefamily_id)</preset>
                    </presets>
                </action_rule>
                <!-- Define the rule to auto-fill the service family -->
                <action_rule id="servicefamily-to-userrequest" _delta="define">
                    <source_class>ServiceFamily</source_class>
                    <presets>
                        <preset id="1">copy(id, servicefamily_id)</preset>
                    </presets>
                </action_rule>
            </action_rules>
        </module_design>
    </module_designs>
</itop_design>