<?xml version="1.0" encoding="UTF-8"?>
<itop_design xmlns:xsi="http://www.w3.org/2001/XMLSchema-instance" version="1.3">
	<module_designs>
		<module_design id="itop-portal" _delta="must_exist">
			<bricks>
				<brick id="services" _delta="must_exist">
					<browse_modes>
						<availables>
							<mode id="mosaic" _delta="define_if_not_exists" />
						</availables>
						<default _delta="redefine">mosaic</default>
					</browse_modes>
				</brick>
			</bricks>
		</module_design>
	</module_designs>
</itop_design>
