<?xml version="1.0" encoding="UTF-8"?>
<extension format="1.0">
	<extension_code>molkobain-portal-mosaic-service-catalog</extension_code>
	<company>Molkobain</company>
	<author><![CDATA[Guillaume Lajarige]]></author>
	<label><![CDATA[Portal: Service catalog mosaic view]]></label>
	<description><![CDATA[Look professional: Display your service catalog as icons in the user portal.]]></description>
	<version>1.0.0</version>
	<release_date>2018-02-17</release_date>
	<version_description><![CDATA[Initial release.]]></version_description>
	<itop_version_min>2.4.0</itop_version_min>
	<status>stable</status>
	<mandatory>false</mandatory>
	<more_info_url>https://github.com/Molkobain/itop-portal-mosaic-service-catalog</more_info_url>
</extension>
